date,target,target_label,actual_kg,standard_naive_pred_kg,seasonal_naive_pred_kg,diff_standard_naive_kg,diff_seasonal_naive_kg,abs_pct_error_standard_naive,abs_pct_error_seasonal_naive
2025-01-01,total_emissions_kg,Total Campus Emissions (kgCO2e),115886.3658,68772.323,116666.9733,47114.0428,-780.6075,40.6554,0.6736
2025-02-01,total_emissions_kg,Total Campus Emissions (kgCO2e),126506.0366,68772.323,124201.1396,57733.7136,2304.897,45.6371,1.822
2025-03-01,total_emissions_kg,Total Campus Emissions (kgCO2e),134953.9874,68772.323,131930.8235,66181.6644,3023.1639,49.0402,2.2401
2025-04-01,total_emissions_kg,Total Campus Emissions (kgCO2e),137491.4114,68772.323,138945.382,68719.0884,-1453.9706,49.9806,1.0575
2025-05-01,total_emissions_kg,Total Campus Emissions (kgCO2e),106775.0064,68772.323,105135.4873,38002.6834,1639.5191,35.5914,1.5355
2025-06-01,total_emissions_kg,Total Campus Emissions (kgCO2e),78757.7897,68772.323,78115.1611,9985.4667,642.6286,12.6787,0.816
2025-07-01,total_emissions_kg,Total Campus Emissions (kgCO2e),119601.3483,68772.323,116779.1647,50829.0253,2822.1836,42.4987,2.3597
2025-08-01,total_emissions_kg,Total Campus Emissions (kgCO2e),141335.0031,68772.323,136565.1511,72562.6801,4769.852,51.3409,3.3749
2025-09-01,total_emissions_kg,Total Campus Emissions (kgCO2e),135072.702,68772.323,134011.428,66300.379,1061.274,49.085,0.7857
2025-10-01,total_emissions_kg,Total Campus Emissions (kgCO2e),137694.0077,68772.323,132080.529,68921.6847,5613.4787,50.0542,4.0768
2025-11-01,total_emissions_kg,Total Campus Emissions (kgCO2e),124497.5113,68772.323,121945.2069,55725.1883,2552.3044,44.7601,2.0501
2025-12-01,total_emissions_kg,Total Campus Emissions (kgCO2e),70654.6529,68772.323,68772.323,1882.3299,1882.3299,2.6641,2.6641
2025-01-01,electricity_emissions_kg,Electricity Emissions (kgCO2e),88755.9114,58794.7481,89131.6251,29961.1633,-375.7137,33.7568,0.4233
2025-02-01,electricity_emissions_kg,Electricity Emissions (kgCO2e),96259.391,58794.7481,95286.8409,37464.6429,972.5501,38.9205,1.0103
2025-03-01,electricity_emissions_kg,Electricity Emissions (kgCO2e),105527.1373,58794.7481,103389.6411,46732.3892,2137.4962,44.2847,2.0255
2025-04-01,electricity_emissions_kg,Electricity Emissions (kgCO2e),109799.1728,58794.7481,111092.77,51004.4247,-1293.5972,46.4525,1.1781
2025-05-01,electricity_emissions_kg,Electricity Emissions (kgCO2e),90090.4493,58794.7481,88994.6187,31295.7012,1095.8306,34.7381,1.2164
2025-06-01,electricity_emissions_kg,Electricity Emissions (kgCO2e),70081.987,58794.7481,69434.2359,11287.2389,647.7511,16.1058,0.9243
2025-07-01,electricity_emissions_kg,Electricity Emissions (kgCO2e),98846.4421,58794.7481,96658.0597,40051.694,2188.3824,40.5191,2.2139
2025-08-01,electricity_emissions_kg,Electricity Emissions (kgCO2e),111588.3923,58794.7481,107746.007,52793.6442,3842.3853,47.3111,3.4434
2025-09-01,electricity_emissions_kg,Electricity Emissions (kgCO2e),106316.649,58794.7481,105851.9722,47521.9009,464.6768,44.6985,0.4371
2025-10-01,electricity_emissions_kg,Electricity Emissions (kgCO2e),106936.6263,58794.7481,102308.4381,48141.8782,4628.1882,45.0191,4.328
2025-11-01,electricity_emissions_kg,Electricity Emissions (kgCO2e),96125.3056,58794.7481,94911.9433,37330.5575,1213.3623,38.8353,1.2623
2025-12-01,electricity_emissions_kg,Electricity Emissions (kgCO2e),60139.9618,58794.7481,58794.7481,1345.2137,1345.2137,2.2368,2.2368
2025-01-01,travel_emissions_kg,Travel Emissions (kgCO2e),19735.156,5241.3116,20249.7918,14493.8444,-514.6358,73.4418,2.6077
2025-02-01,travel_emissions_kg,Travel Emissions (kgCO2e),21259.2352,5241.3116,20206.4548,16017.9236,1052.7804,75.3457,4.9521
2025-03-01,travel_emissions_kg,Travel Emissions (kgCO2e),21007.0322,5241.3116,20272.0784,15765.7206,734.9538,75.0497,3.4986
2025-04-01,travel_emissions_kg,Travel Emissions (kgCO2e),20102.1716,5241.3116,20284.5006,14860.86,-182.329,73.9266,0.907
2025-05-01,travel_emissions_kg,Travel Emissions (kgCO2e),11397.8368,5241.3116,11122.4568,6156.5252,275.38,54.0149,2.4161
2025-06-01,travel_emissions_kg,Travel Emissions (kgCO2e),4730.6896,5241.3116,4730.4796,-510.622,0.21,10.7938,0.0044
2025-07-01,travel_emissions_kg,Travel Emissions (kgCO2e),13504.3286,5241.3116,12981.1108,8263.017,523.2178,61.1879,3.8744
2025-08-01,travel_emissions_kg,Travel Emissions (kgCO2e),21703.969,5241.3116,21113.1032,16462.6574,590.8658,75.8509,2.7224
2025-09-01,travel_emissions_kg,Travel Emissions (kgCO2e),20947.5882,5241.3116,20609.0948,15706.2766,338.4934,74.9789,1.6159
2025-10-01,travel_emissions_kg,Travel Emissions (kgCO2e),22025.5224,5241.3116,20805.3986,16784.2108,1220.1238,76.2035,5.5396
2025-11-01,travel_emissions_kg,Travel Emissions (kgCO2e),20989.3558,5241.3116,19507.5104,15748.0442,1481.8454,75.0287,7.06
2025-12-01,travel_emissions_kg,Travel Emissions (kgCO2e),5770.2106,5241.3116,5241.3116,528.899,528.899,9.166,9.166
