date,building,electricity_kwh,travel_km,waste_kg,procurement_inr,student_count,staff_count,electricity_emissions_kg,travel_emissions_kg,waste_emissions_kg,procurement_emissions_kg,total_emissions_kg,total_emissions_mt,emissions_per_student_kg
2023-01-01,Academic Block - Arts & Humanities,15900.64,38600.36,2664.63,187000.13,1319,54,11384.8582,5404.0504,1188.425,78.5401,18055.8737,18.0559,13.6891
2023-01-01,Administrative Headquarters,13224.88,14178.02,793.9,446523.09,251,94,9469.0141,1984.9228,354.0794,187.5397,11995.556,11.9956,47.7911
2023-01-01,Central Library & Student Hub,23412.93,33716.84,2880.42,304657.88,1436,35,16763.6579,4720.3576,1284.6673,127.9563,22896.6391,22.8966,15.9447
2023-01-01,Hostel & Dining Complex,30338.9,12193.68,5376.54,531201.35,789,30,21722.6524,1707.1152,2397.9368,223.1046,26050.809,26.0508,33.0175
2023-01-01,Science & Engineering Complex,38016.99,38138.86,2676.22,701168.27,1174,78,27220.1648,5339.4404,1193.5941,294.4907,34047.69,34.0477,29.0014
2023-02-01,Academic Block - Arts & Humanities,17139.41,43156.6,3213.13,185504.68,1397,54,12271.8176,6041.924,1433.056,77.912,19824.7096,19.8247,14.1909
2023-02-01,Administrative Headquarters,14060.8,15116.86,816.15,444283.42,253,95,10067.5328,2116.3604,364.0029,186.599,12734.4951,12.7345,50.334
2023-02-01,Central Library & Student Hub,25061.83,36259.24,3486.1,324656.12,1480,35,17944.2703,5076.2936,1554.8006,136.3556,24711.7201,24.7117,16.6971
2023-02-01,Hostel & Dining Complex,32527.99,13433.03,6214.5,546992.49,842,30,23290.0408,1880.6242,2771.667,229.7368,28172.0688,28.1721,33.4585
2023-02-01,Science & Engineering Complex,39100.96,37622.84,3678.24,794977.58,1251,80,27996.2874,5267.1976,1640.495,333.8906,35237.8706,35.2379,28.1678
2023-03-01,Academic Block - Arts & Humanities,19900.33,41732.91,2539.82,256398.63,1390,55,14248.6363,5842.6074,1132.7597,107.6874,21331.6908,21.3317,15.3465
2023-03-01,Administrative Headquarters,15310.96,14378.03,747.09,822054.23,253,95,10962.6474,2012.9242,333.2021,345.2628,13654.0365,13.654,53.9685
2023-03-01,Central Library & Student Hub,27156.83,36817.58,2846.01,454561.63,1472,35,19444.2903,5154.4612,1269.3205,190.9159,26058.9879,26.059,17.7031
2023-03-01,Hostel & Dining Complex,34588.17,12557.97,5664.96,695700.04,830,30,24765.1297,1758.1158,2526.5722,292.194,29342.0117,29.342,35.3518
2023-03-01,Science & Engineering Complex,44323.93,37624.16,3005.2,1334413.06,1160,80,31735.9339,5267.3824,1340.3192,560.4535,38904.089,38.9041,33.538
2023-04-01,Academic Block - Arts & Humanities,20433.37,38532.83,2507.2,193609.99,1312,54,14630.2929,5394.5962,1118.2112,81.3162,21224.4165,21.2244,16.1771
2023-04-01,Administrative Headquarters,16256.69,14569.04,726.05,421638.34,252,92,11639.79,2039.6656,323.8183,177.0881,14180.362,14.1804,56.2713
2023-04-01,Central Library & Student Hub,27268.94,35066.36,2734.09,317721.23,1448,35,19524.561,4909.2904,1219.4041,133.4429,25786.6984,25.7867,17.8085
2023-04-01,Hostel & Dining Complex,36215.67,12426.62,5854.09,518914.52,817,30,25930.4197,1739.7268,2610.9241,217.9441,30499.0147,30.499,37.3305
2023-04-01,Science & Engineering Complex,46528.64,37437.09,2757.89,702690.62,1195,79,33314.5062,5241.1926,1230.0189,295.1301,40080.8478,40.0808,33.5405
2023-05-01,Academic Block - Arts & Humanities,13996.49,18883.07,1669.79,118891.24,847,50,10021.4868,2643.6298,744.7263,49.9343,13459.7772,13.4598,15.8911
2023-05-01,Administrative Headquarters,15945.37,9861.58,660.41,323472.67,239,93,11416.8849,1380.6212,294.5429,135.8585,13227.9075,13.2279,55.3469
2023-05-01,Central Library & Student Hub,21261.35,18249.65,2142.81,236498.84,1060,33,15223.1266,2554.951,955.6933,99.3295,18833.1004,18.8331,17.7671
2023-05-01,Hostel & Dining Complex,23316.46,5717.13,3334.64,371749.73,468,28,16694.5854,800.3982,1487.2494,156.1349,19138.3679,19.1384,40.8939
2023-05-01,Science & Engineering Complex,43102.85,23522.07,2516.44,541492.77,949,75,30861.6406,3293.0898,1122.3322,227.427,35504.4896,35.5045,37.4125
2023-06-01,Academic Block - Arts & Humanities,9449.33,6763.67,1043.81,123454.93,509,50,6765.7203,946.9138,465.5393,51.8511,8230.0245,8.23,16.169
2023-06-01,Administrative Headquarters,14394.01,5094.48,651.87,300624.99,217,85,10306.1112,713.2272,290.734,126.2625,11436.3349,11.4363,52.702
2023-06-01,Central Library & Student Hub,17996.32,7875.66,1745.95,232116.64,833,31,12885.3651,1102.5924,778.6937,97.489,14864.1402,14.8641,17.8441
2023-06-01,Hostel & Dining Complex,15733.74,2116.55,1847.58,375355.4,265,27,11265.3578,296.317,824.0207,157.6493,12543.3448,12.5433,47.3334
2023-06-01,Science & Engineering Complex,34896.39,10535.04,2162.25,580931.63,840,71,24985.8152,1474.9056,964.3635,243.9913,27669.0756,27.6691,32.9394
2023-07-01,Academic Block - Arts & Humanities,16273.79,27034.34,2411.16,254732.82,1142,52,11652.0336,3784.8076,1075.3774,106.9878,16619.2064,16.6192,14.5527
2023-07-01,Administrative Headquarters,15597.45,10817.22,732.47,568534.07,241,92,11167.7742,1514.4108,326.6816,238.7843,13247.6509,13.2477,54.9695
2023-07-01,Central Library & Student Hub,24039.75,21962.47,2618.27,511936.07,1284,35,17212.461,3074.7458,1167.7484,215.0131,21669.9683,21.67,16.8769
2023-07-01,Hostel & Dining Complex,29232.89,7060.9,4209.8,704077.71,652,29,20930.7492,988.526,1877.5708,295.7126,24092.5586,24.0926,36.9518
2023-07-01,Science & Engineering Complex,42961.22,26786.22,2878.28,1276801.13,1124,78,30760.2335,3750.0708,1283.7129,536.2565,36330.2737,36.3303,32.3223
2023-08-01,Academic Block - Arts & Humanities,20161.75,41966.12,2715.37,234906.08,1415,56,14435.813,5875.2568,1211.055,98.6606,21620.7854,21.6208,15.2797
2023-08-01,Administrative Headquarters,14934.99,14436.15,759.64,527325.96,246,95,10693.4528,2021.061,338.7994,221.4769,13274.7901,13.2748,53.9626
2023-08-01,Central Library & Student Hub,28315.1,37099.59,3297.0,515803.49,1505,34,20273.6116,5193.9426,1470.462,216.6375,27154.6537,27.1547,18.043
2023-08-01,Hostel & Dining Complex,33817.49,12670.09,5329.41,629426.76,838,30,24213.3228,1773.8126,2376.9169,264.3592,28628.4115,28.6284,34.1628
2023-08-01,Science & Engineering Complex,46497.42,37607.54,2994.58,1124343.26,1222,78,33292.1527,5265.0556,1335.5827,472.2242,40365.0152,40.365,33.0319
2023-09-01,Academic Block - Arts & Humanities,21963.96,40158.9,2619.56,187955.97,1369,57,15726.1954,5622.246,1168.3238,78.9415,22595.7067,22.5957,16.5053
2023-09-01,Administrative Headquarters,15386.26,14466.59,753.29,449171.94,249,93,11016.5622,2025.3226,335.9673,188.6522,13566.5043,13.5665,54.484
2023-09-01,Central Library & Student Hub,27582.25,39049.9,3110.49,322354.34,1552,34,19748.891,5466.986,1387.2785,135.3888,26738.5443,26.7385,17.2284
2023-09-01,Hostel & Dining Complex,36318.67,13200.44,5740.7,533868.92,858,30,26004.1677,1848.0616,2560.3522,224.2249,30636.8064,30.6368,35.7072
2023-09-01,Science & Engineering Complex,42778.01,35384.73,3236.82,720434.23,1179,80,30629.0552,4953.8622,1443.6217,302.5824,37329.1215,37.3291,31.6617
2023-10-01,Academic Block - Arts & Humanities,20025.25,42589.82,3138.25,169227.69,1379,54,14338.079,5962.5748,1399.6595,71.0756,21771.3889,21.7714,15.7878
2023-10-01,Administrative Headquarters,14897.83,14970.7,923.9,404017.69,249,95,10666.8463,2095.898,412.0594,169.6874,13344.4911,13.3445,53.5923
2023-10-01,Central Library & Student Hub,25903.58,36787.92,3500.48,330464.65,1528,35,18546.9633,5150.3088,1561.2141,138.7952,25397.2814,25.3973,16.6213
2023-10-01,Hostel & Dining Complex,35521.28,12700.73,5982.8,544383.72,846,30,25433.2365,1778.1022,2668.3288,228.6412,30108.3087,30.1083,35.589
2023-10-01,Science & Engineering Complex,43601.25,40910.55,3648.21,787403.32,1183,80,31218.495,5727.477,1627.1017,330.7094,38903.7831,38.9038,32.8857
2023-11-01,Academic Block - Arts & Humanities,17777.08,44210.75,2742.39,190083.51,1338,56,12728.3893,6189.505,1223.1059,79.8351,20220.8353,20.2208,15.1127
2023-11-01,Administrative Headquarters,14561.08,14619.16,791.11,482457.7,253,93,10425.7333,2046.6824,352.8351,202.6322,13027.883,13.0279,51.4936
2023-11-01,Central Library & Student Hub,25603.91,36713.33,2982.91,319135.93,1510,35,18332.3996,5139.8662,1330.3779,134.0371,24936.6808,24.9367,16.5144
2023-11-01,Hostel & Dining Complex,30502.73,12879.12,5351.07,523408.88,846,30,21839.9547,1803.0768,2386.5772,219.8317,26249.4404,26.2494,31.0277
2023-11-01,Science & Engineering Complex,41410.58,37985.19,3026.62,734200.18,1220,78,29649.9753,5317.9266,1349.8725,308.3641,36626.1385,36.6261,30.0214
2023-12-01,Academic Block - Arts & Humanities,8515.56,9443.01,1303.09,142079.81,708,51,6097.141,1322.0214,581.1781,59.6735,8060.014,8.06,11.3842
2023-12-01,Administrative Headquarters,12507.08,5462.62,669.35,364110.78,218,90,8955.0693,764.7668,298.5301,152.9265,10171.2927,10.1713,46.6573
2023-12-01,Central Library & Student Hub,16087.42,8638.19,1878.18,256150.87,965,32,11518.5927,1209.3466,837.6683,107.5834,13673.191,13.6732,14.1691
2023-12-01,Hostel & Dining Complex,14727.09,2895.5,2739.76,401317.71,417,28,10544.5964,405.37,1221.933,168.5534,12340.4528,12.3405,29.5934
2023-12-01,Science & Engineering Complex,28604.62,11560.72,2437.59,547654.67,955,74,20480.9079,1618.5008,1087.1651,230.015,23416.5888,23.4166,24.52
2024-01-01,Academic Block - Arts & Humanities,16423.22,41509.51,2523.1,199639.07,1296,54,11759.0255,5811.3314,1125.3026,83.8484,18779.5079,18.7795,14.4904
2024-01-01,Administrative Headquarters,13695.29,15586.2,700.1,438711.46,255,93,9805.8276,2182.068,312.2446,184.2588,12484.399,12.4844,48.9584
2024-01-01,Central Library & Student Hub,24069.83,39495.52,2850.54,299461.39,1459,35,17233.9983,5529.3728,1271.3408,125.7738,24160.4857,24.1605,16.5596
2024-01-01,Hostel & Dining Complex,30998.35,12189.43,5214.03,502598.81,770,29,22194.8186,1706.5202,2325.4574,211.0915,26437.8877,26.4379,34.3349
2024-01-01,Science & Engineering Complex,39298.82,35860.71,2902.18,837776.77,1163,80,28137.9551,5020.4994,1294.3723,351.8662,34804.693,34.8047,29.9266
2024-02-01,Academic Block - Arts & Humanities,18424.58,42416.36,3137.28,189647.73,1421,55,13191.9993,5938.2904,1399.2269,79.652,20609.1686,20.6092,14.5033
2024-02-01,Administrative Headquarters,13527.08,13241.45,816.11,487092.96,240,93,9685.3893,1853.803,363.9851,204.579,12107.7564,12.1078,50.449
2024-02-01,Central Library & Student Hub,26049.24,37273.35,3434.61,347714.1,1525,35,18651.2558,5218.269,1531.8361,146.0399,25547.4008,25.5474,16.7524
2024-02-01,Hostel & Dining Complex,34947.03,13653.49,6468.69,579251.61,845,30,25022.0735,1911.4886,2885.0357,243.2857,30061.8835,30.0619,35.5762
2024-02-01,Science & Engineering Complex,40134.25,37747.17,3415.43,787908.7,1145,80,28736.123,5284.6038,1523.2818,330.9217,35874.9303,35.8749,31.3318
2024-03-01,Academic Block - Arts & Humanities,18843.26,44567.95,2628.29,289307.47,1423,56,13491.7742,6239.513,1172.2173,121.5091,21025.0136,21.025,14.7751
2024-03-01,Administrative Headquarters,15342.92,15287.42,766.79,928887.93,247,96,10985.5307,2140.2388,341.9883,390.1329,13857.8907,13.8579,56.1048
2024-03-01,Central Library & Student Hub,28594.69,36090.27,2873.66,443825.96,1496,34,20473.798,5052.6378,1281.6524,186.4069,26994.4951,26.9945,18.0444
2024-03-01,Hostel & Dining Complex,37387.66,12715.96,5913.43,721109.53,844,29,26769.5646,1780.2344,2637.3898,302.866,31490.0548,31.4901,37.3105
2024-03-01,Science & Engineering Complex,44230.41,36138.96,2880.01,1310611.34,1202,79,31668.9736,5059.4544,1284.4845,550.4568,38563.3693,38.5634,32.0827
2024-04-01,Academic Block - Arts & Humanities,20892.82,42464.82,2705.28,181124.66,1377,54,14959.2591,5945.0748,1206.5549,76.0724,22186.9612,22.187,16.1125
2024-04-01,Administrative Headquarters,16610.77,14625.53,743.36,476878.32,254,93,11893.3113,2047.5742,331.5386,200.2889,14472.713,14.4727,56.9792
2024-04-01,Central Library & Student Hub,27760.61,34506.43,2748.06,368545.48,1412,34,19876.5968,4830.9002,1225.6348,154.7891,26087.9209,26.0879,18.4759
2024-04-01,Hostel & Dining Complex,38186.45,12190.09,5520.57,616916.49,826,30,27341.4982,1706.6126,2462.1742,259.1049,31769.3899,31.7694,38.4617
2024-04-01,Science & Engineering Complex,51706.85,41102.42,2956.4,793807.5,1176,80,37022.1046,5754.3388,1318.5544,333.3992,44428.397,44.4284,37.7792
2024-05-01,Academic Block - Arts & Humanities,14234.76,19965.77,1720.09,135152.3,810,52,10192.0882,2795.2078,767.1601,56.764,13811.2201,13.8112,17.0509
2024-05-01,Administrative Headquarters,16875.96,10106.37,656.05,306873.47,220,87,12083.1874,1414.8918,292.5983,128.8869,13919.5644,13.9196,63.2707
2024-05-01,Central Library & Student Hub,22722.83,19791.59,1903.99,231987.39,1040,33,16269.5463,2770.8226,849.1795,97.4347,19986.9831,19.987,19.2183
2024-05-01,Hostel & Dining Complex,26486.2,5786.67,2975.15,392329.23,448,28,18964.1192,810.1338,1326.9169,164.7783,21265.9482,21.2659,47.4686
2024-05-01,Science & Engineering Complex,43974.41,23795.72,2476.26,548288.23,973,76,31485.6776,3331.4008,1104.412,230.2811,36151.7715,36.1518,37.155
2024-06-01,Academic Block - Arts & Humanities,10165.04,7723.27,1048.82,127230.61,514,49,7278.1686,1081.2578,467.7737,53.4369,8880.637,8.8806,17.2775
2024-06-01,Administrative Headquarters,14904.97,5010.31,662.84,340377.97,219,87,10671.9585,701.4434,295.6266,142.9587,11811.9872,11.812,53.936
2024-06-01,Central Library & Student Hub,18796.09,8075.27,1759.1,238249.42,820,31,13458.0004,1130.5378,784.5586,100.0648,15473.1616,15.4732,18.8697
2024-06-01,Hostel & Dining Complex,14990.5,2233.45,1645.77,369499.96,263,27,10733.198,312.683,734.0134,155.19,11935.0844,11.9351,45.3805
2024-06-01,Science & Engineering Complex,38118.59,10746.84,2196.89,564309.6,817,72,27292.9104,1504.5576,979.8129,237.01,30014.2909,30.0143,36.7372
2024-07-01,Academic Block - Arts & Humanities,17947.6,26626.64,2279.93,274553.06,1142,53,12850.4816,3727.7296,1016.8488,115.3123,17710.3723,17.7104,15.5082
2024-07-01,Administrative Headquarters,15756.86,10430.27,718.15,550490.38,235,91,11281.9118,1460.2378,320.2949,231.206,13293.6505,13.2937,56.5687
2024-07-01,Central Library & Student Hub,25548.13,23215.16,2489.52,514708.52,1301,35,18292.4611,3250.1224,1110.3259,216.1776,22869.087,22.8691,17.5781
2024-07-01,Hostel & Dining Complex,30693.16,7715.99,4757.59,751113.75,692,29,21976.3026,1080.2386,2121.8851,315.4678,25493.8941,25.4939,36.8409
2024-07-01,Science & Engineering Complex,45051.54,24734.16,2643.61,1222442.22,1058,77,32256.9026,3462.7824,1179.0501,513.4257,37412.1608,37.4122,35.3612
2024-08-01,Academic Block - Arts & Humanities,20587.3,45259.9,2480.84,227220.53,1437,56,14740.5068,6336.386,1106.4546,95.4326,22278.78,22.2788,15.5037
2024-08-01,Administrative Headquarters,15439.08,15545.8,827.16,474100.2,251,97,11054.3813,2176.412,368.9134,199.1221,13798.8288,13.7988,54.9754
2024-08-01,Central Library & Student Hub,29644.35,40142.83,2779.5,469466.82,1491,34,21225.3546,5619.9962,1239.657,197.1761,28282.1839,28.2822,18.9686
2024-08-01,Hostel & Dining Complex,36783.92,13300.09,5592.16,612191.78,828,30,26337.2867,1862.0126,2494.1034,257.1205,30950.5232,30.9505,37.3799
2024-08-01,Science & Engineering Complex,48028.6,36559.26,2947.97,1031587.09,1165,80,34388.4776,5118.2964,1314.7946,433.2666,41254.8352,41.2548,35.4119
2024-09-01,Academic Block - Arts & Humanities,19221.97,45095.1,2622.29,194258.65,1421,55,13762.9305,6313.314,1169.5413,81.5886,21327.3744,21.3274,15.0087
2024-09-01,Administrative Headquarters,15651.96,15375.05,767.68,465128.02,247,97,11206.8034,2152.507,342.3853,195.3538,13897.0495,13.897,56.2634
2024-09-01,Central Library & Student Hub,27700.48,34682.66,2965.6,345457.4,1457,35,19833.5437,4855.5724,1322.6576,145.0921,26156.8658,26.1569,17.9526
2024-09-01,Hostel & Dining Complex,36477.19,13997.72,5458.83,487752.23,858,30,26117.668,1959.6808,2434.6382,204.8559,30716.8429,30.7168,35.8005
2024-09-01,Science & Engineering Complex,48786.35,38057.29,2935.33,821645.26,1212,79,34931.0266,5328.0206,1309.1572,345.091,41913.2954,41.9133,34.5819
2024-10-01,Academic Block - Arts & Humanities,20095.08,44318.61,2896.19,199333.26,1395,54,14388.0773,6204.6054,1291.7007,83.72,21968.1034,21.9681,15.7477
2024-10-01,Administrative Headquarters,16395.15,14980.03,930.33,454927.44,251,94,11738.9274,2097.2042,414.9272,191.0695,14442.1283,14.4421,57.5384
2024-10-01,Central Library & Student Hub,27286.4,38786.54,3631.56,312770.9,1562,35,19537.0624,5430.1156,1619.6758,131.3638,26718.2176,26.7182,17.1051
2024-10-01,Hostel & Dining Complex,34924.21,13414.97,6961.17,547392.11,860,30,25005.7344,1878.0958,3104.6818,229.9047,30218.4167,30.2184,35.1377
2024-10-01,Science & Engineering Complex,44188.04,37109.84,3514.4,791015.3,1239,83,31638.6366,5195.3776,1567.4224,332.2264,38733.663,38.7337,31.262
2024-11-01,Academic Block - Arts & Humanities,17521.91,36913.98,2629.4,195831.09,1304,55,12545.6876,5167.9572,1172.7124,82.2491,18968.6063,18.9686,14.5465
2024-11-01,Administrative Headquarters,14935.18,15471.26,793.3,470410.05,250,94,10693.5889,2165.9764,353.8118,197.5722,13410.9493,13.4109,53.6438
2024-11-01,Central Library & Student Hub,26237.92,36649.5,3138.07,350682.71,1438,34,18786.3507,5130.93,1399.5792,147.2867,25464.1466,25.4641,17.708
2024-11-01,Hostel & Dining Complex,33984.54,13469.08,5296.83,546279.31,809,30,24332.9306,1885.6712,2362.3862,229.4373,28810.4253,28.8104,35.6124
2024-11-01,Science & Engineering Complex,39879.03,36835.54,2850.79,736347.5,1139,79,28553.3855,5156.9756,1271.4523,309.266,35291.0794,35.2911,30.9843
2024-12-01,Academic Block - Arts & Humanities,8116.08,9037.93,1476.63,143569.02,684,50,5811.1133,1265.3102,658.577,60.299,7795.2995,7.7953,11.3966
2024-12-01,Administrative Headquarters,12643.62,5487.84,657.38,363155.44,225,88,9052.8319,768.2976,293.1915,152.5253,10266.8463,10.2668,45.6304
2024-12-01,Central Library & Student Hub,16171.02,9049.75,1812.17,265616.45,944,32,11578.4503,1266.965,808.2278,111.5589,13765.202,13.7652,14.5818
2024-12-01,Hostel & Dining Complex,14145.38,2912.71,2730.19,398437.23,406,27,10128.0921,407.7794,1217.6647,167.3436,11920.8798,11.9209,29.3618
2024-12-01,Science & Engineering Complex,31039.47,10949.71,2292.52,581932.46,933,73,22224.2605,1532.9594,1022.4639,244.4116,25024.0954,25.0241,26.8211
2025-01-01,Academic Block - Arts & Humanities,16038.86,39908.96,2625.77,194966.43,1323,55,11483.8238,5587.2544,1171.0934,81.8859,18324.0575,18.3241,13.8504
2025-01-01,Administrative Headquarters,14466.58,15306.2,689.32,440806.0,239,91,10358.0713,2142.868,307.4367,185.1385,12993.5145,12.9935,54.3662
2025-01-01,Central Library & Student Hub,24423.27,36865.7,2960.1,359545.1,1450,35,17487.0613,5161.198,1320.2046,151.0089,24119.4728,24.1195,16.6341
2025-01-01,Hostel & Dining Complex,33240.78,12858.74,5241.34,536520.89,797,30,23800.3985,1800.2236,2337.6376,225.3388,28163.5985,28.1636,35.337
2025-01-01,Science & Engineering Complex,35791.28,36025.8,2803.81,869177.74,1164,81,25626.5565,5043.612,1250.4993,365.0547,32285.7225,32.2857,27.7369
2025-02-01,Academic Block - Arts & Humanities,18944.11,44104.65,3242.2,201194.87,1374,56,13563.9828,6174.651,1446.0212,84.5018,21269.1568,21.2692,15.4797
2025-02-01,Administrative Headquarters,15498.88,16271.33,877.06,520421.49,244,97,11097.1981,2277.9862,391.1688,218.577,13984.9301,13.9849,57.3153
2025-02-01,Central Library & Student Hub,26517.86,35607.17,3459.29,337026.01,1522,35,18986.7878,4985.0038,1542.8433,141.5509,25656.1858,25.6562,16.8569
2025-02-01,Hostel & Dining Complex,33163.36,13492.15,6543.98,526641.97,850,30,23744.9658,1888.901,2918.6151,221.1896,28773.6715,28.7737,33.8514
2025-02-01,Science & Engineering Complex,40316.28,42376.38,3727.15,858651.98,1200,80,28866.4565,5932.6932,1662.3089,360.6338,36822.0924,36.8221,30.6851
2025-03-01,Academic Block - Arts & Humanities,19513.78,43763.68,2623.17,275057.87,1401,55,13971.8665,6126.9152,1169.9338,115.5243,21384.2398,21.3842,15.2636
2025-03-01,Administrative Headquarters,15352.49,14722.08,774.32,921805.78,255,95,10992.3828,2061.0912,345.3467,387.1584,13785.9791,13.786,54.0627
2025-03-01,Central Library & Student Hub,26593.66,38055.71,3117.18,512609.58,1515,35,19041.0606,5327.7994,1390.2623,215.296,25974.4183,25.9744,17.1448
2025-03-01,Hostel & Dining Complex,36746.07,12902.19,5734.45,742565.42,872,30,26310.1861,1806.3066,2557.5647,311.8775,30985.9349,30.9859,35.5343
2025-03-01,Science & Engineering Complex,49178.27,40606.57,2999.34,1402734.74,1199,80,35211.6413,5684.9198,1337.7056,589.1486,42823.4153,42.8234,35.7159
2025-04-01,Academic Block - Arts & Humanities,21354.99,40430.46,2542.81,210304.59,1337,55,15290.1728,5660.2644,1134.0933,88.3279,22172.8584,22.1729,16.584
2025-04-01,Administrative Headquarters,17041.83,15849.08,707.19,481185.25,254,91,12201.9503,2218.8712,315.4067,202.0978,14938.326,14.9383,58.8123
2025-04-01,Central Library & Student Hub,27662.57,36178.18,2813.41,346748.87,1425,34,19806.4001,5064.9452,1254.7809,145.6345,26271.7607,26.2718,18.4363
2025-04-01,Hostel & Dining Complex,37277.53,13380.85,5815.09,557279.48,804,29,26690.7115,1873.319,2593.5301,234.0574,31391.618,31.3916,39.0443
2025-04-01,Science & Engineering Complex,50013.88,37748.37,2855.25,830230.63,1174,79,35809.9381,5284.7718,1273.4415,348.6969,42716.8483,42.7168,36.3857
2025-05-01,Academic Block - Arts & Humanities,14655.03,21907.79,1728.39,134386.6,875,52,10493.0015,3067.0906,770.8619,56.4424,14387.3964,14.3874,16.4427
2025-05-01,Administrative Headquarters,15929.77,9616.25,688.19,345846.15,220,90,11405.7153,1346.275,306.9327,145.2554,13204.1784,13.2042,60.019
2025-05-01,Central Library & Student Hub,23756.14,19871.61,2154.65,250110.52,1065,33,17009.3962,2782.0254,960.9739,105.0464,20857.4419,20.8574,19.5845
2025-05-01,Hostel & Dining Complex,23833.62,5889.48,3104.58,397046.31,469,28,17064.8719,824.5272,1384.6427,166.7595,19440.8013,19.4408,41.4516
2025-05-01,Science & Engineering Complex,47650.09,24127.99,2565.74,584489.12,1006,75,34117.4644,3377.9186,1144.32,245.4854,38885.1884,38.8852,38.6533
2025-06-01,Academic Block - Arts & Humanities,10056.78,7310.97,1095.1,144727.31,507,49,7200.6545,1023.5358,488.4146,60.7855,8773.3904,8.7734,17.3045
2025-06-01,Administrative Headquarters,15009.84,4939.26,630.69,346116.39,207,83,10747.0454,691.4964,281.2877,145.3689,11865.1984,11.8652,57.3198
2025-06-01,Central Library & Student Hub,17646.26,8130.91,1665.24,240355.33,781,31,12634.7222,1138.3274,742.697,100.9492,14616.6958,14.6167,18.7154
2025-06-01,Hostel & Dining Complex,15277.28,2134.24,1930.73,368536.27,270,27,10938.5325,298.7936,861.1056,154.7852,12253.2169,12.2532,45.3823
2025-06-01,Science & Engineering Complex,39889.71,11275.26,1999.07,519367.05,848,71,28561.0324,1578.5364,891.5852,218.1342,31249.2882,31.2493,36.8506
2025-07-01,Academic Block - Arts & Humanities,17980.22,25042.43,2144.51,282702.88,1132,52,12873.8375,3505.9402,956.4515,118.7352,17454.9644,17.455,15.4196
2025-07-01,Administrative Headquarters,15996.57,10175.68,734.42,577027.96,247,90,11453.5441,1424.5952,327.5513,242.3517,13448.0423,13.448,54.4455
2025-07-01,Central Library & Student Hub,27150.71,25115.92,2754.42,578108.28,1308,34,19439.9084,3516.2288,1228.4713,242.8055,24427.414,24.4274,18.6754
2025-07-01,Hostel & Dining Complex,31421.61,8147.15,4509.37,775123.29,678,30,22497.8728,1140.601,2011.179,325.5518,25975.2046,25.9752,38.3115
2025-07-01,Science & Engineering Complex,45504.58,27978.31,2701.97,1410480.31,1104,78,32581.2793,3916.9634,1205.0786,592.4017,38295.723,38.2957,34.6882
2025-08-01,Academic Block - Arts & Humanities,21970.39,44985.11,2680.18,261326.38,1368,55,15730.7992,6297.9154,1195.3603,109.7571,23333.832,23.3338,17.0569
2025-08-01,Administrative Headquarters,15520.68,15128.58,753.86,505054.12,252,90,11112.8069,2118.0012,336.2216,212.1227,13779.1524,13.7792,54.6792
2025-08-01,Central Library & Student Hub,29916.65,38098.86,3031.63,433917.95,1515,36,21420.3214,5333.8404,1352.107,182.2455,28288.5143,28.2885,18.6723
2025-08-01,Hostel & Dining Complex,37717.6,14544.13,5601.52,711307.82,838,31,27005.8016,2036.1782,2498.2779,298.7493,31839.007,31.839,37.994
2025-08-01,Science & Engineering Complex,50724.39,42271.67,3046.36,1188390.04,1200,81,36318.6632,5918.0338,1358.6766,499.1238,44094.4974,44.0945,36.7454
2025-09-01,Academic Block - Arts & Humanities,21594.06,44183.11,2662.09,198142.43,1393,54,15461.347,6185.6354,1187.2921,83.2198,22917.4943,22.9175,16.4519
2025-09-01,Administrative Headquarters,16542.67,14521.1,756.23,516316.02,243,96,11844.5517,2032.954,337.2786,216.8527,14431.637,14.4316,59.3895
2025-09-01,Central Library & Student Hub,28168.0,36823.65,3115.86,346832.22,1507,35,20168.288,5155.311,1389.6736,145.6695,26858.9421,26.8589,17.8228
2025-09-01,Hostel & Dining Complex,36035.97,13684.68,5636.19,561575.18,856,30,25801.7545,1915.8552,2513.7407,235.8616,30467.212,30.4672,35.5925
2025-09-01,Science & Engineering Complex,46146.24,40413.09,3080.86,773363.22,1239,80,33040.7078,5657.8326,1374.0636,324.8126,40397.4166,40.3974,32.6049
2025-10-01,Academic Block - Arts & Humanities,20259.61,46555.74,3154.41,192514.42,1421,55,14505.8808,6517.8036,1406.8669,80.8561,22511.4074,22.5114,15.8419
2025-10-01,Administrative Headquarters,15086.6,16570.6,859.93,458163.99,254,96,10802.0056,2319.884,383.5288,192.4289,13697.8473,13.6978,53.9285
2025-10-01,Central Library & Student Hub,28276.74,38562.08,3473.71,348542.82,1488,35,20246.1458,5398.6912,1549.2747,146.388,27340.4997,27.3405,18.374
2025-10-01,Hostel & Dining Complex,36949.91,13078.52,6294.82,595084.6,832,30,26456.1356,1830.9928,2807.4897,249.9355,31344.5536,31.3446,37.6737
2025-10-01,Science & Engineering Complex,48779.97,42558.22,3496.13,847181.98,1221,82,34926.4585,5958.1508,1559.274,355.8164,42799.6997,42.7997,35.053
2025-11-01,Academic Block - Arts & Humanities,18272.15,43251.6,2646.99,202431.81,1289,55,13082.8594,6055.224,1180.5575,85.0214,20403.6623,20.4037,15.8291
2025-11-01,Administrative Headquarters,14370.36,16143.59,781.83,503553.24,252,95,10289.1778,2260.1026,348.6962,211.4924,13109.469,13.1095,52.0217
2025-11-01,Central Library & Student Hub,25619.28,37079.54,2975.01,346330.9,1444,35,18343.4045,5191.1356,1326.8545,145.459,25006.8536,25.0069,17.3178
2025-11-01,Hostel & Dining Complex,33222.57,13077.2,5140.03,591597.85,804,29,23787.3601,1830.808,2292.4534,248.4711,28159.0926,28.1591,35.0237
2025-11-01,Science & Engineering Complex,42768.86,40372.04,2689.54,819784.7,1187,80,30622.5038,5652.0856,1199.5348,344.3096,37818.4338,37.8184,31.8605
2025-12-01,Academic Block - Arts & Humanities,8620.23,9879.1,1464.3,161709.9,720,51,6172.0847,1383.074,653.0778,67.9182,8276.1547,8.2762,11.4947
2025-12-01,Administrative Headquarters,12862.2,5194.41,688.82,346860.78,232,87,9209.3352,727.2174,307.2137,145.6815,10389.4478,10.3894,44.7821
2025-12-01,Central Library & Student Hub,15610.19,9711.19,1821.2,274097.32,955,33,11176.896,1359.5666,812.2552,115.1209,13463.8387,13.4638,14.0983
2025-12-01,Hostel & Dining Complex,16028.56,3225.46,2674.0,466753.66,401,28,11476.449,451.5644,1192.604,196.0365,13316.6539,13.3167,33.2086
2025-12-01,Science & Engineering Complex,30873.18,13205.63,2177.9,674355.46,904,74,22105.1969,1848.7882,971.3434,283.2293,25208.5578,25.2086,27.8856
