date,building,electricity_kwh,travel_km,waste_kg,procurement_inr,student_count,staff_count
2023-01-01,Academic Block - Arts & Humanities,15900.64,38600.36,2664.63,187000.13,1319,54
2023-01-01,Administrative Headquarters,13224.88,14178.02,793.9,446523.09,251,94
2023-01-01,Central Library & Student Hub,23412.93,33716.84,2880.42,304657.88,1436,35
2023-01-01,Hostel & Dining Complex,30338.9,12193.68,5376.54,531201.35,789,30
2023-01-01,Science & Engineering Complex,38016.99,38138.86,2676.22,701168.27,1174,78
2023-02-01,Academic Block - Arts & Humanities,17139.41,43156.6,3213.13,185504.68,1397,54
2023-02-01,Administrative Headquarters,14060.8,15116.86,816.15,444283.42,253,95
2023-02-01,Central Library & Student Hub,25061.83,36259.24,3486.1,324656.12,1480,35
2023-02-01,Hostel & Dining Complex,32527.99,13433.03,6214.5,546992.49,842,30
2023-02-01,Science & Engineering Complex,39100.96,37622.84,3678.24,794977.58,1251,80
2023-03-01,Academic Block - Arts & Humanities,19900.33,41732.91,2539.82,256398.63,1390,55
2023-03-01,Administrative Headquarters,15310.96,14378.03,747.09,822054.23,253,95
2023-03-01,Central Library & Student Hub,27156.83,36817.58,2846.01,454561.63,1472,35
2023-03-01,Hostel & Dining Complex,34588.17,12557.97,5664.96,695700.04,830,30
2023-03-01,Science & Engineering Complex,44323.93,37624.16,3005.2,1334413.06,1160,80
2023-04-01,Academic Block - Arts & Humanities,20433.37,38532.83,2507.2,193609.99,1312,54
2023-04-01,Administrative Headquarters,16256.69,14569.04,726.05,421638.34,252,92
2023-04-01,Central Library & Student Hub,27268.94,35066.36,2734.09,317721.23,1448,35
2023-04-01,Hostel & Dining Complex,36215.67,12426.62,5854.09,518914.52,817,30
2023-04-01,Science & Engineering Complex,46528.64,37437.09,2757.89,702690.62,1195,79
2023-05-01,Academic Block - Arts & Humanities,13996.49,18883.07,1669.79,118891.24,847,50
2023-05-01,Administrative Headquarters,15945.37,9861.58,660.41,323472.67,239,93
2023-05-01,Central Library & Student Hub,21261.35,18249.65,2142.81,236498.84,1060,33
2023-05-01,Hostel & Dining Complex,23316.46,5717.13,3334.64,371749.73,468,28
2023-05-01,Science & Engineering Complex,43102.85,23522.07,2516.44,541492.77,949,75
2023-06-01,Academic Block - Arts & Humanities,9449.33,6763.67,1043.81,123454.93,509,50
2023-06-01,Administrative Headquarters,14394.01,5094.48,651.87,300624.99,217,85
2023-06-01,Central Library & Student Hub,17996.32,7875.66,1745.95,232116.64,833,31
2023-06-01,Hostel & Dining Complex,15733.74,2116.55,1847.58,375355.4,265,27
2023-06-01,Science & Engineering Complex,34896.39,10535.04,2162.25,580931.63,840,71
2023-07-01,Academic Block - Arts & Humanities,16273.79,27034.34,2411.16,254732.82,1142,52
2023-07-01,Administrative Headquarters,15597.45,10817.22,732.47,568534.07,241,92
2023-07-01,Central Library & Student Hub,24039.75,21962.47,2618.27,511936.07,1284,35
2023-07-01,Hostel & Dining Complex,29232.89,7060.9,4209.8,704077.71,652,29
2023-07-01,Science & Engineering Complex,42961.22,26786.22,2878.28,1276801.13,1124,78
2023-08-01,Academic Block - Arts & Humanities,20161.75,41966.12,2715.37,234906.08,1415,56
2023-08-01,Administrative Headquarters,14934.99,14436.15,759.64,527325.96,246,95
2023-08-01,Central Library & Student Hub,28315.1,37099.59,3297.0,515803.49,1505,34
2023-08-01,Hostel & Dining Complex,33817.49,12670.09,5329.41,629426.76,838,30
2023-08-01,Science & Engineering Complex,46497.42,37607.54,2994.58,1124343.26,1222,78
2023-09-01,Academic Block - Arts & Humanities,21963.96,40158.9,2619.56,187955.97,1369,57
2023-09-01,Administrative Headquarters,15386.26,14466.59,753.29,449171.94,249,93
2023-09-01,Central Library & Student Hub,27582.25,39049.9,3110.49,322354.34,1552,34
2023-09-01,Hostel & Dining Complex,36318.67,13200.44,5740.7,533868.92,858,30
2023-09-01,Science & Engineering Complex,42778.01,35384.73,3236.82,720434.23,1179,80
2023-10-01,Academic Block - Arts & Humanities,20025.25,42589.82,3138.25,169227.69,1379,54
2023-10-01,Administrative Headquarters,14897.83,14970.7,923.9,404017.69,249,95
2023-10-01,Central Library & Student Hub,25903.58,36787.92,3500.48,330464.65,1528,35
2023-10-01,Hostel & Dining Complex,35521.28,12700.73,5982.8,544383.72,846,30
2023-10-01,Science & Engineering Complex,43601.25,40910.55,3648.21,787403.32,1183,80
2023-11-01,Academic Block - Arts & Humanities,17777.08,44210.75,2742.39,190083.51,1338,56
2023-11-01,Administrative Headquarters,14561.08,14619.16,791.11,482457.7,253,93
2023-11-01,Central Library & Student Hub,25603.91,36713.33,2982.91,319135.93,1510,35
2023-11-01,Hostel & Dining Complex,30502.73,12879.12,5351.07,523408.88,846,30
2023-11-01,Science & Engineering Complex,41410.58,37985.19,3026.62,734200.18,1220,78
2023-12-01,Academic Block - Arts & Humanities,8515.56,9443.01,1303.09,142079.81,708,51
2023-12-01,Administrative Headquarters,12507.08,5462.62,669.35,364110.78,218,90
2023-12-01,Central Library & Student Hub,16087.42,8638.19,1878.18,256150.87,965,32
2023-12-01,Hostel & Dining Complex,14727.09,2895.5,2739.76,401317.71,417,28
2023-12-01,Science & Engineering Complex,28604.62,11560.72,2437.59,547654.67,955,74
2024-01-01,Academic Block - Arts & Humanities,16423.22,41509.51,2523.1,199639.07,1296,54
2024-01-01,Administrative Headquarters,13695.29,15586.2,700.1,438711.46,255,93
2024-01-01,Central Library & Student Hub,24069.83,39495.52,2850.54,299461.39,1459,35
2024-01-01,Hostel & Dining Complex,30998.35,12189.43,5214.03,502598.81,770,29
2024-01-01,Science & Engineering Complex,39298.82,35860.71,2902.18,837776.77,1163,80
2024-02-01,Academic Block - Arts & Humanities,18424.58,42416.36,3137.28,189647.73,1421,55
2024-02-01,Administrative Headquarters,13527.08,13241.45,816.11,487092.96,240,93
2024-02-01,Central Library & Student Hub,26049.24,37273.35,3434.61,347714.1,1525,35
2024-02-01,Hostel & Dining Complex,34947.03,13653.49,6468.69,579251.61,845,30
2024-02-01,Science & Engineering Complex,40134.25,37747.17,3415.43,787908.7,1145,80
2024-03-01,Academic Block - Arts & Humanities,18843.26,44567.95,2628.29,289307.47,1423,56
2024-03-01,Administrative Headquarters,15342.92,15287.42,766.79,928887.93,247,96
2024-03-01,Central Library & Student Hub,28594.69,36090.27,2873.66,443825.96,1496,34
2024-03-01,Hostel & Dining Complex,37387.66,12715.96,5913.43,721109.53,844,29
2024-03-01,Science & Engineering Complex,44230.41,36138.96,2880.01,1310611.34,1202,79
2024-04-01,Academic Block - Arts & Humanities,20892.82,42464.82,2705.28,181124.66,1377,54
2024-04-01,Administrative Headquarters,16610.77,14625.53,743.36,476878.32,254,93
2024-04-01,Central Library & Student Hub,27760.61,34506.43,2748.06,368545.48,1412,34
2024-04-01,Hostel & Dining Complex,38186.45,12190.09,5520.57,616916.49,826,30
2024-04-01,Science & Engineering Complex,51706.85,41102.42,2956.4,793807.5,1176,80
2024-05-01,Academic Block - Arts & Humanities,14234.76,19965.77,1720.09,135152.3,810,52
2024-05-01,Administrative Headquarters,16875.96,10106.37,656.05,306873.47,220,87
2024-05-01,Central Library & Student Hub,22722.83,19791.59,1903.99,231987.39,1040,33
2024-05-01,Hostel & Dining Complex,26486.2,5786.67,2975.15,392329.23,448,28
2024-05-01,Science & Engineering Complex,43974.41,23795.72,2476.26,548288.23,973,76
2024-06-01,Academic Block - Arts & Humanities,10165.04,7723.27,1048.82,127230.61,514,49
2024-06-01,Administrative Headquarters,14904.97,5010.31,662.84,340377.97,219,87
2024-06-01,Central Library & Student Hub,18796.09,8075.27,1759.1,238249.42,820,31
2024-06-01,Hostel & Dining Complex,14990.5,2233.45,1645.77,369499.96,263,27
2024-06-01,Science & Engineering Complex,38118.59,10746.84,2196.89,564309.6,817,72
2024-07-01,Academic Block - Arts & Humanities,17947.6,26626.64,2279.93,274553.06,1142,53
2024-07-01,Administrative Headquarters,15756.86,10430.27,718.15,550490.38,235,91
2024-07-01,Central Library & Student Hub,25548.13,23215.16,2489.52,514708.52,1301,35
2024-07-01,Hostel & Dining Complex,30693.16,7715.99,4757.59,751113.75,692,29
2024-07-01,Science & Engineering Complex,45051.54,24734.16,2643.61,1222442.22,1058,77
2024-08-01,Academic Block - Arts & Humanities,20587.3,45259.9,2480.84,227220.53,1437,56
2024-08-01,Administrative Headquarters,15439.08,15545.8,827.16,474100.2,251,97
2024-08-01,Central Library & Student Hub,29644.35,40142.83,2779.5,469466.82,1491,34
2024-08-01,Hostel & Dining Complex,36783.92,13300.09,5592.16,612191.78,828,30
2024-08-01,Science & Engineering Complex,48028.6,36559.26,2947.97,1031587.09,1165,80
2024-09-01,Academic Block - Arts & Humanities,19221.97,45095.1,2622.29,194258.65,1421,55
2024-09-01,Administrative Headquarters,15651.96,15375.05,767.68,465128.02,247,97
2024-09-01,Central Library & Student Hub,27700.48,34682.66,2965.6,345457.4,1457,35
2024-09-01,Hostel & Dining Complex,36477.19,13997.72,5458.83,487752.23,858,30
2024-09-01,Science & Engineering Complex,48786.35,38057.29,2935.33,821645.26,1212,79
2024-10-01,Academic Block - Arts & Humanities,20095.08,44318.61,2896.19,199333.26,1395,54
2024-10-01,Administrative Headquarters,16395.15,14980.03,930.33,454927.44,251,94
2024-10-01,Central Library & Student Hub,27286.4,38786.54,3631.56,312770.9,1562,35
2024-10-01,Hostel & Dining Complex,34924.21,13414.97,6961.17,547392.11,860,30
2024-10-01,Science & Engineering Complex,44188.04,37109.84,3514.4,791015.3,1239,83
2024-11-01,Academic Block - Arts & Humanities,17521.91,36913.98,2629.4,195831.09,1304,55
2024-11-01,Administrative Headquarters,14935.18,15471.26,793.3,470410.05,250,94
2024-11-01,Central Library & Student Hub,26237.92,36649.5,3138.07,350682.71,1438,34
2024-11-01,Hostel & Dining Complex,33984.54,13469.08,5296.83,546279.31,809,30
2024-11-01,Science & Engineering Complex,39879.03,36835.54,2850.79,736347.5,1139,79
2024-12-01,Academic Block - Arts & Humanities,8116.08,9037.93,1476.63,143569.02,684,50
2024-12-01,Administrative Headquarters,12643.62,5487.84,657.38,363155.44,225,88
2024-12-01,Central Library & Student Hub,16171.02,9049.75,1812.17,265616.45,944,32
2024-12-01,Hostel & Dining Complex,14145.38,2912.71,2730.19,398437.23,406,27
2024-12-01,Science & Engineering Complex,31039.47,10949.71,2292.52,581932.46,933,73
2025-01-01,Academic Block - Arts & Humanities,16038.86,39908.96,2625.77,194966.43,1323,55
2025-01-01,Administrative Headquarters,14466.58,15306.2,689.32,440806.0,239,91
2025-01-01,Central Library & Student Hub,24423.27,36865.7,2960.1,359545.1,1450,35
2025-01-01,Hostel & Dining Complex,33240.78,12858.74,5241.34,536520.89,797,30
2025-01-01,Science & Engineering Complex,35791.28,36025.8,2803.81,869177.74,1164,81
2025-02-01,Academic Block - Arts & Humanities,18944.11,44104.65,3242.2,201194.87,1374,56
2025-02-01,Administrative Headquarters,15498.88,16271.33,877.06,520421.49,244,97
2025-02-01,Central Library & Student Hub,26517.86,35607.17,3459.29,337026.01,1522,35
2025-02-01,Hostel & Dining Complex,33163.36,13492.15,6543.98,526641.97,850,30
2025-02-01,Science & Engineering Complex,40316.28,42376.38,3727.15,858651.98,1200,80
2025-03-01,Academic Block - Arts & Humanities,19513.78,43763.68,2623.17,275057.87,1401,55
2025-03-01,Administrative Headquarters,15352.49,14722.08,774.32,921805.78,255,95
2025-03-01,Central Library & Student Hub,26593.66,38055.71,3117.18,512609.58,1515,35
2025-03-01,Hostel & Dining Complex,36746.07,12902.19,5734.45,742565.42,872,30
2025-03-01,Science & Engineering Complex,49178.27,40606.57,2999.34,1402734.74,1199,80
2025-04-01,Academic Block - Arts & Humanities,21354.99,40430.46,2542.81,210304.59,1337,55
2025-04-01,Administrative Headquarters,17041.83,15849.08,707.19,481185.25,254,91
2025-04-01,Central Library & Student Hub,27662.57,36178.18,2813.41,346748.87,1425,34
2025-04-01,Hostel & Dining Complex,37277.53,13380.85,5815.09,557279.48,804,29
2025-04-01,Science & Engineering Complex,50013.88,37748.37,2855.25,830230.63,1174,79
2025-05-01,Academic Block - Arts & Humanities,14655.03,21907.79,1728.39,134386.6,875,52
2025-05-01,Administrative Headquarters,15929.77,9616.25,688.19,345846.15,220,90
2025-05-01,Central Library & Student Hub,23756.14,19871.61,2154.65,250110.52,1065,33
2025-05-01,Hostel & Dining Complex,23833.62,5889.48,3104.58,397046.31,469,28
2025-05-01,Science & Engineering Complex,47650.09,24127.99,2565.74,584489.12,1006,75
2025-06-01,Academic Block - Arts & Humanities,10056.78,7310.97,1095.1,144727.31,507,49
2025-06-01,Administrative Headquarters,15009.84,4939.26,630.69,346116.39,207,83
2025-06-01,Central Library & Student Hub,17646.26,8130.91,1665.24,240355.33,781,31
2025-06-01,Hostel & Dining Complex,15277.28,2134.24,1930.73,368536.27,270,27
2025-06-01,Science & Engineering Complex,39889.71,11275.26,1999.07,519367.05,848,71
2025-07-01,Academic Block - Arts & Humanities,17980.22,25042.43,2144.51,282702.88,1132,52
2025-07-01,Administrative Headquarters,15996.57,10175.68,734.42,577027.96,247,90
2025-07-01,Central Library & Student Hub,27150.71,25115.92,2754.42,578108.28,1308,34
2025-07-01,Hostel & Dining Complex,31421.61,8147.15,4509.37,775123.29,678,30
2025-07-01,Science & Engineering Complex,45504.58,27978.31,2701.97,1410480.31,1104,78
2025-08-01,Academic Block - Arts & Humanities,21970.39,44985.11,2680.18,261326.38,1368,55
2025-08-01,Administrative Headquarters,15520.68,15128.58,753.86,505054.12,252,90
2025-08-01,Central Library & Student Hub,29916.65,38098.86,3031.63,433917.95,1515,36
2025-08-01,Hostel & Dining Complex,37717.6,14544.13,5601.52,711307.82,838,31
2025-08-01,Science & Engineering Complex,50724.39,42271.67,3046.36,1188390.04,1200,81
2025-09-01,Academic Block - Arts & Humanities,21594.06,44183.11,2662.09,198142.43,1393,54
2025-09-01,Administrative Headquarters,16542.67,14521.1,756.23,516316.02,243,96
2025-09-01,Central Library & Student Hub,28168.0,36823.65,3115.86,346832.22,1507,35
2025-09-01,Hostel & Dining Complex,36035.97,13684.68,5636.19,561575.18,856,30
2025-09-01,Science & Engineering Complex,46146.24,40413.09,3080.86,773363.22,1239,80
2025-10-01,Academic Block - Arts & Humanities,20259.61,46555.74,3154.41,192514.42,1421,55
2025-10-01,Administrative Headquarters,15086.6,16570.6,859.93,458163.99,254,96
2025-10-01,Central Library & Student Hub,28276.74,38562.08,3473.71,348542.82,1488,35
2025-10-01,Hostel & Dining Complex,36949.91,13078.52,6294.82,595084.6,832,30
2025-10-01,Science & Engineering Complex,48779.97,42558.22,3496.13,847181.98,1221,82
2025-11-01,Academic Block - Arts & Humanities,18272.15,43251.6,2646.99,202431.81,1289,55
2025-11-01,Administrative Headquarters,14370.36,16143.59,781.83,503553.24,252,95
2025-11-01,Central Library & Student Hub,25619.28,37079.54,2975.01,346330.9,1444,35
2025-11-01,Hostel & Dining Complex,33222.57,13077.2,5140.03,591597.85,804,29
2025-11-01,Science & Engineering Complex,42768.86,40372.04,2689.54,819784.7,1187,80
2025-12-01,Academic Block - Arts & Humanities,8620.23,9879.1,1464.3,161709.9,720,51
2025-12-01,Administrative Headquarters,12862.2,5194.41,688.82,346860.78,232,87
2025-12-01,Central Library & Student Hub,15610.19,9711.19,1821.2,274097.32,955,33
2025-12-01,Hostel & Dining Complex,16028.56,3225.46,2674.0,466753.66,401,28
2025-12-01,Science & Engineering Complex,30873.18,13205.63,2177.9,674355.46,904,74
