date,target,split_type,actual,naive_forecast,hw_forecast,hw_lower_95,hw_upper_95,residual
2023-01-01,total_emissions_kg,train,113046.5678,,,,,
2023-02-01,total_emissions_kg,train,120680.8642,,,,,
2023-03-01,total_emissions_kg,train,129290.8159,,,,,
2023-04-01,total_emissions_kg,train,131771.3394,,,,,
2023-05-01,total_emissions_kg,train,100163.6426,,,,,
2023-06-01,total_emissions_kg,train,74742.92,,,,,
2023-07-01,total_emissions_kg,train,111959.6579,,,,,
2023-08-01,total_emissions_kg,train,131043.6559,,,,,
2023-09-01,total_emissions_kg,train,130866.6832,,,,,
2023-10-01,total_emissions_kg,train,129525.2532,,,,,
2023-11-01,total_emissions_kg,train,121060.978,,,,,
2023-12-01,total_emissions_kg,train,67661.5393,,,,,
2024-01-01,total_emissions_kg,train,116666.9733,,,,,
2024-02-01,total_emissions_kg,train,124201.1396,,,,,
2024-03-01,total_emissions_kg,train,131930.8235,,,,,
2024-04-01,total_emissions_kg,train,138945.382,,,,,
2024-05-01,total_emissions_kg,train,105135.4873,,,,,
2024-06-01,total_emissions_kg,train,78115.1611,,,,,
2024-07-01,total_emissions_kg,train,116779.1647,,,,,
2024-08-01,total_emissions_kg,train,136565.1511,,,,,
2024-09-01,total_emissions_kg,train,134011.428,,,,,
2024-10-01,total_emissions_kg,train,132080.529,,,,,
2024-11-01,total_emissions_kg,train,121945.2069,,,,,
2024-12-01,total_emissions_kg,train,68772.323,,,,,
2025-01-01,total_emissions_kg,test,115886.3658,116666.9733,118026.2285,114770.995,120982.2396,-2139.8627
2025-02-01,total_emissions_kg,test,126506.0366,124201.1396,125579.9898,121957.8935,129180.3999,926.0468
2025-03-01,total_emissions_kg,test,134953.9874,131930.8235,133785.579,129869.4361,137881.5684,1168.4084
2025-04-01,total_emissions_kg,test,137491.4114,138945.382,138524.5897,134155.6242,142753.7794,-1033.1783
2025-05-01,total_emissions_kg,test,106775.0064,105135.4873,105855.5172,101242.9163,110452.9521,919.4892
2025-06-01,total_emissions_kg,test,78757.7897,78115.1611,79603.9755,74791.9181,84422.9793,-846.1858
2025-07-01,total_emissions_kg,test,119601.3483,116779.1647,117542.154,112341.4915,122667.9888,2059.1943
2025-08-01,total_emissions_kg,test,141335.0031,136565.1511,137002.3221,131703.1625,142429.6602,4332.681
2025-09-01,total_emissions_kg,test,135072.702,134011.428,135628.1199,129996.9274,141567.529,-555.4179
2025-10-01,total_emissions_kg,test,137694.0077,132080.529,134016.0374,128168.7639,139883.9374,3677.9703
2025-11-01,total_emissions_kg,test,124497.5113,121945.2069,124684.2218,118791.4703,131095.8276,-186.7105
2025-12-01,total_emissions_kg,test,70654.6529,68772.323,71387.912,65333.8661,78107.8365,-733.2591
2026-01-01,total_emissions_kg,future_forecast,,,120371.9614,116846.7573,123573.1273,
2026-02-01,total_emissions_kg,future_forecast,,,128975.792,125615.3447,132492.3364,
2026-03-01,total_emissions_kg,future_forecast,,,137300.1009,133635.4332,141080.165,
2026-04-01,total_emissions_kg,future_forecast,,,141256.761,137550.1738,144918.3078,
2026-05-01,total_emissions_kg,future_forecast,,,109210.1678,105490.7855,113071.8105,
2026-06-01,total_emissions_kg,future_forecast,,,82389.939,78593.5923,86289.7568,
2026-07-01,total_emissions_kg,future_forecast,,,121245.8568,117204.0332,125312.0688,
2026-08-01,total_emissions_kg,future_forecast,,,141505.23,137455.8046,145604.8741,
2026-09-01,total_emissions_kg,future_forecast,,,138378.2058,134078.4554,142885.8366,
2026-10-01,total_emissions_kg,future_forecast,,,138348.8461,134202.7088,142807.3228,
2026-11-01,total_emissions_kg,future_forecast,,,127687.0787,123441.0247,132149.2983,
2026-12-01,total_emissions_kg,future_forecast,,,74241.1663,69953.6679,78970.618,
2023-01-01,electricity_emissions_kg,train,86560.3474,,,,,
2023-02-01,electricity_emissions_kg,train,91569.9489,,,,,
2023-03-01,electricity_emissions_kg,train,101156.6376,,,,,
2023-04-01,electricity_emissions_kg,train,105039.5698,,,,,
2023-05-01,electricity_emissions_kg,train,84217.7243,,,,,
2023-06-01,electricity_emissions_kg,train,66208.3696,,,,,
2023-07-01,electricity_emissions_kg,train,91723.2515,,,,,
2023-08-01,electricity_emissions_kg,train,102908.3529,,,,,
2023-09-01,electricity_emissions_kg,train,103124.8715,,,,,
2023-10-01,electricity_emissions_kg,train,100203.6201,,,,,
2023-11-01,electricity_emissions_kg,train,92976.4522,,,,,
2023-12-01,electricity_emissions_kg,train,57596.3073,,,,,
2024-01-01,electricity_emissions_kg,train,89131.6251,,,,,
2024-02-01,electricity_emissions_kg,train,95286.8409,,,,,
2024-03-01,electricity_emissions_kg,train,103389.6411,,,,,
2024-04-01,electricity_emissions_kg,train,111092.77,,,,,
2024-05-01,electricity_emissions_kg,train,88994.6187,,,,,
2024-06-01,electricity_emissions_kg,train,69434.2359,,,,,
2024-07-01,electricity_emissions_kg,train,96658.0597,,,,,
2024-08-01,electricity_emissions_kg,train,107746.007,,,,,
2024-09-01,electricity_emissions_kg,train,105851.9722,,,,,
2024-10-01,electricity_emissions_kg,train,102308.4381,,,,,
2024-11-01,electricity_emissions_kg,train,94911.9433,,,,,
2024-12-01,electricity_emissions_kg,train,58794.7481,,,,,
2025-01-01,electricity_emissions_kg,test,88755.9114,89131.6251,90866.013,88091.6121,93385.3899,-2110.1016
2025-02-01,electricity_emissions_kg,test,96259.391,95286.8409,96554.8044,93461.6252,99630.3545,-295.4134
2025-03-01,electricity_emissions_kg,test,105527.1373,103389.6411,105345.0665,101995.6607,108837.3352,182.0708
2025-04-01,electricity_emissions_kg,test,109799.1728,111092.77,111135.8348,107400.6514,114749.2478,-1336.662
2025-05-01,electricity_emissions_kg,test,90090.4493,88994.6187,89595.4122,85650.4215,93517.7085,495.0371
2025-06-01,electricity_emissions_kg,test,70081.987,69434.2359,70869.8571,66755.0242,74987.1643,-787.8701
2025-07-01,electricity_emissions_kg,test,98846.4421,96658.0597,97272.5595,92820.5873,101658.2429,1573.8826
2025-08-01,electricity_emissions_kg,test,111588.3923,107746.007,108369.5331,103830.8904,113020.3031,3218.8592
2025-09-01,electricity_emissions_kg,test,106316.649,105851.9722,107495.5909,102673.2521,112580.4444,-1178.9419
2025-10-01,electricity_emissions_kg,test,106936.6263,102308.4381,104257.8771,99241.8838,109282.1506,2678.7492
2025-11-01,electricity_emissions_kg,test,96125.3056,94911.9433,96981.1448,91932.8425,102462.281,-855.8392
2025-12-01,electricity_emissions_kg,test,60139.9618,58794.7481,61257.1822,56064.9901,67004.9586,-1117.2204
2026-01-01,electricity_emissions_kg,future_forecast,,,92240.8409,89222.6926,94981.5597,
2026-02-01,electricity_emissions_kg,future_forecast,,,98481.5933,95508.6109,101531.6474,
2026-03-01,electricity_emissions_kg,future_forecast,,,107459.8677,104195.8642,110840.2778,
2026-04-01,electricity_emissions_kg,future_forecast,,,112740.1105,109326.4268,116100.2821,
2026-05-01,electricity_emissions_kg,future_forecast,,,91866.7286,88434.7905,95402.5545,
2026-06-01,electricity_emissions_kg,future_forecast,,,72694.3129,69176.1071,76406.7776,
2026-07-01,electricity_emissions_kg,future_forecast,,,99888.2491,96074.4938,103731.9221,
2026-08-01,electricity_emissions_kg,future_forecast,,,111553.2256,107706.5209,115370.9124,
2026-09-01,electricity_emissions_kg,future_forecast,,,109242.4723,105178.0125,113544.614,
2026-10-01,electricity_emissions_kg,future_forecast,,,107264.6803,103226.4089,111519.3051,
2026-11-01,electricity_emissions_kg,future_forecast,,,98784.2862,94773.9813,103138.8493,
2026-12-01,electricity_emissions_kg,future_forecast,,,62939.2508,58755.5292,67467.7829,
2023-01-01,travel_emissions_kg,train,19155.8864,,,,,
2023-02-01,travel_emissions_kg,train,20382.3998,,,,,
2023-03-01,travel_emissions_kg,train,20035.491,,,,,
2023-04-01,travel_emissions_kg,train,19324.4716,,,,,
2023-05-01,travel_emissions_kg,train,10672.69,,,,,
2023-06-01,travel_emissions_kg,train,4533.956,,,,,
2023-07-01,travel_emissions_kg,train,13112.561,,,,,
2023-08-01,travel_emissions_kg,train,20129.1286,,,,,
2023-09-01,travel_emissions_kg,train,19916.4784,,,,,
2023-10-01,travel_emissions_kg,train,20714.3608,,,,,
2023-11-01,travel_emissions_kg,train,20497.057,,,,,
2023-12-01,travel_emissions_kg,train,5320.0056,,,,,
2024-01-01,travel_emissions_kg,train,20249.7918,,,,,
2024-02-01,travel_emissions_kg,train,20206.4548,,,,,
2024-03-01,travel_emissions_kg,train,20272.0784,,,,,
2024-04-01,travel_emissions_kg,train,20284.5006,,,,,
2024-05-01,travel_emissions_kg,train,11122.4568,,,,,
2024-06-01,travel_emissions_kg,train,4730.4796,,,,,
2024-07-01,travel_emissions_kg,train,12981.1108,,,,,
2024-08-01,travel_emissions_kg,train,21113.1032,,,,,
2024-09-01,travel_emissions_kg,train,20609.0948,,,,,
2024-10-01,travel_emissions_kg,train,20805.3986,,,,,
2024-11-01,travel_emissions_kg,train,19507.5104,,,,,
2024-12-01,travel_emissions_kg,train,5241.3116,,,,,
2025-01-01,travel_emissions_kg,test,19735.156,20249.7918,20118.9582,19013.3011,21122.9829,-383.8022
2025-02-01,travel_emissions_kg,test,21259.2352,20206.4548,20710.5752,19699.4377,21784.3214,548.66
2025-03-01,travel_emissions_kg,test,21007.0322,20272.0784,20569.9439,19509.809,21623.3998,437.0883
2025-04-01,travel_emissions_kg,test,20102.1716,20284.5006,20220.6527,19181.1768,21267.0091,-118.4811
2025-05-01,travel_emissions_kg,test,11397.8368,11122.4568,11313.7223,10264.785,12372.3588,84.1145
2025-06-01,travel_emissions_kg,test,4730.6896,4730.4796,5048.3596,4052.7679,6090.929,-317.67
2025-07-01,travel_emissions_kg,test,13504.3286,12981.1108,13462.9624,12432.1984,14522.4544,41.3662
2025-08-01,travel_emissions_kg,test,21703.969,21113.1032,21037.2977,20011.8174,22071.8007,666.6713
2025-09-01,travel_emissions_kg,test,20947.5882,20609.0948,20678.9477,19629.7156,21756.1745,268.6405
2025-10-01,travel_emissions_kg,test,22025.5224,20805.3986,21176.0122,20148.4819,22261.7938,849.5102
2025-11-01,travel_emissions_kg,test,20989.3558,19507.5104,20418.411,19358.3417,21450.5955,570.9448
2025-12-01,travel_emissions_kg,test,5770.2106,5241.3116,5696.7908,4686.6864,6754.8808,73.4198
2026-01-01,travel_emissions_kg,future_forecast,,,20495.3134,19639.4671,21272.4899,
2026-02-01,travel_emissions_kg,future_forecast,,,21397.6483,20614.966,22228.7936,
2026-03-01,travel_emissions_kg,future_forecast,,,21219.8425,20399.2333,22035.2818,
2026-04-01,travel_emissions_kg,future_forecast,,,20685.222,19880.604,21495.1658,
2026-05-01,travel_emissions_kg,future_forecast,,,11845.8694,11033.9278,12665.3188,
2026-06-01,travel_emissions_kg,future_forecast,,,5446.6324,4675.9836,6253.6449,
2026-07-01,travel_emissions_kg,future_forecast,,,13980.8586,13182.9842,14800.9702,
2026-08-01,travel_emissions_kg,future_forecast,,,21763.5729,20969.7883,22564.3414,
2026-09-01,travel_emissions_kg,future_forecast,,,21272.6775,20460.5077,22106.5169,
2026-10-01,travel_emissions_kg,future_forecast,,,21963.4031,21168.0318,22803.8644,
2026-11-01,travel_emissions_kg,future_forecast,,,21112.8664,20292.3079,21911.8403,
2026-12-01,travel_emissions_kg,future_forecast,,,6225.3723,5443.4897,7044.3987,
