portfolio_id,selected_interventions,num_interventions,total_cost_inr,remaining_budget_inr,is_feasible,baseline_emissions_kg,portfolio_emissions_kg,total_absolute_reduction_kg,percentage_reduction,cost_per_kg_reduced,absolute_reduction_lower_kg,absolute_reduction_upper_kg
P-11111,"INT-001, INT-002, INT-003, INT-004, INT-005",5,5250000.0,4750000.0,True,1429225.82,1119876.2,309349.62,21.64,16.97,284557.35,334141.96
P-11101,"INT-001, INT-002, INT-003, INT-005",4,5100000.0,4900000.0,True,1429225.82,1145361.5,283864.32,19.86,17.97,264067.18,303661.51
P-11110,"INT-001, INT-002, INT-003, INT-004",4,3450000.0,6550000.0,True,1429225.82,1160510.82,268715.0,18.8,12.84,255869.3,281560.76
P-10111,"INT-001, INT-003, INT-004, INT-005",4,2750000.0,7250000.0,True,1429225.82,1162836.18,266389.64,18.64,10.32,241597.37,291181.98
P-11011,"INT-001, INT-002, INT-004, INT-005",4,4950000.0,5050000.0,True,1429225.82,1183289.84,245935.98,17.21,20.13,223629.53,268242.5
P-11100,"INT-001, INT-002, INT-003",3,3300000.0,6700000.0,True,1429225.82,1185996.13,243229.69,17.02,13.57,235379.14,251080.31
P-10101,"INT-001, INT-003, INT-005",3,2600000.0,7400000.0,True,1429225.82,1188321.48,240904.34,16.86,10.79,221107.2,260701.53
P-10110,"INT-001, INT-003, INT-004",3,950000.0,9050000.0,True,1429225.82,1203470.8,225755.02,15.8,4.21,212909.32,238600.78
P-11001,"INT-001, INT-002, INT-005",3,4800000.0,5200000.0,True,1429225.82,1208775.15,220450.67,15.42,21.77,203139.36,237762.05
P-11010,"INT-001, INT-002, INT-004",3,3150000.0,6850000.0,True,1429225.82,1223924.46,205301.36,14.36,15.34,194941.48,215661.3
P-10011,"INT-001, INT-004, INT-005",3,2450000.0,7550000.0,True,1429225.82,1226249.82,202976.0,14.2,12.07,180669.55,225282.52
P-10100,"INT-001, INT-003",2,800000.0,9200000.0,True,1429225.82,1228956.1,200269.72,14.01,3.99,192419.16,208120.34
P-01111,"INT-002, INT-003, INT-004, INT-005",4,4750000.0,5250000.0,True,1429225.82,1248084.93,181140.89,12.67,26.22,161374.36,200907.38
P-11000,"INT-001, INT-002",2,3000000.0,7000000.0,True,1429225.82,1249409.77,179816.05,12.58,16.68,174451.32,185180.86
P-10001,"INT-001, INT-005",2,2300000.0,7700000.0,True,1429225.82,1251735.12,177490.7,12.42,12.96,160179.38,194802.08
P-10010,"INT-001, INT-004",2,650000.0,9350000.0,True,1429225.82,1266884.44,162341.38,11.36,4.0,151981.51,172701.32
P-01101,"INT-002, INT-003, INT-005",3,4600000.0,5400000.0,True,1429225.82,1273570.24,155655.58,10.89,29.55,140884.2,170426.94
P-01110,"INT-002, INT-003, INT-004",3,2950000.0,7050000.0,True,1429225.82,1288719.56,140506.26,9.83,21.0,132686.32,148326.18
P-00111,"INT-003, INT-004, INT-005",3,2250000.0,7750000.0,True,1429225.82,1291044.92,138180.9,9.67,16.28,118414.38,157947.39
P-10000,INT-001,1,500000.0,9500000.0,True,1429225.82,1292369.75,136856.07,9.58,3.65,131491.34,142220.88
P-01100,"INT-002, INT-003",2,2800000.0,7200000.0,True,1429225.82,1314204.86,115020.96,8.05,24.34,112196.15,117845.74
P-00101,"INT-003, INT-005",2,2100000.0,7900000.0,True,1429225.82,1316530.23,112695.59,7.89,18.63,97924.21,127466.95
P-01011,"INT-002, INT-004, INT-005",3,4450000.0,5550000.0,True,1429225.82,1320145.91,109079.91,7.63,40.8,92138.2,126021.63
P-00110,"INT-003, INT-004",2,450000.0,9550000.0,True,1429225.82,1331679.54,97546.28,6.83,4.61,89726.34,105366.2
P-01001,"INT-002, INT-005",2,4300000.0,5700000.0,True,1429225.82,1345631.21,83594.61,5.85,51.44,71648.03,95541.18
P-00100,INT-003,1,300000.0,9700000.0,True,1429225.82,1357164.85,72060.97,5.04,4.16,69236.17,74885.75
P-01010,"INT-002, INT-004",2,2650000.0,7350000.0,True,1429225.82,1360780.53,68445.29,4.79,38.72,63450.15,73440.43
P-00011,"INT-004, INT-005",2,1950000.0,8050000.0,True,1429225.82,1363105.9,66119.92,4.63,29.49,49178.21,83061.64
P-01000,INT-002,1,2500000.0,7500000.0,True,1429225.82,1386265.84,42959.98,3.01,58.19,42959.99,42959.99
P-00001,INT-005,1,1800000.0,8200000.0,True,1429225.82,1388591.2,40634.62,2.84,44.3,28688.04,52581.2
P-00010,INT-004,1,150000.0,9850000.0,True,1429225.82,1403740.52,25485.3,1.78,5.89,20490.17,30480.44
P-00000,None (BAU),0,0.0,10000000.0,True,1429225.82,1429225.82,0.0,0.0,inf,0.0,0.0
