date,total_actual_kg,total_pred_kg,total_lower_95_kg,total_upper_95_kg,total_residual_kg,electricity_actual_kg,electricity_pred_kg,electricity_lower_95_kg,electricity_upper_95_kg,electricity_residual_kg,travel_actual_kg,travel_pred_kg,travel_lower_95_kg,travel_upper_95_kg,travel_residual_kg
2025-01-01,115886.37,118026.23,114770.99,120982.24,-2139.86,88755.91,90866.01,88091.61,93385.39,-2110.1,19735.16,20118.96,19013.3,21122.98,-383.8
2025-02-01,126506.04,125579.99,121957.89,129180.4,926.05,96259.39,96554.8,93461.63,99630.35,-295.41,21259.24,20710.58,19699.44,21784.32,548.66
2025-03-01,134953.99,133785.58,129869.44,137881.57,1168.41,105527.14,105345.07,101995.66,108837.34,182.07,21007.03,20569.94,19509.81,21623.4,437.09
2025-04-01,137491.41,138524.59,134155.62,142753.78,-1033.18,109799.17,111135.83,107400.65,114749.25,-1336.66,20102.17,20220.65,19181.18,21267.01,-118.48
2025-05-01,106775.01,105855.52,101242.92,110452.95,919.49,90090.45,89595.41,85650.42,93517.71,495.04,11397.84,11313.72,10264.79,12372.36,84.11
2025-06-01,78757.79,79603.98,74791.92,84422.98,-846.19,70081.99,70869.86,66755.02,74987.16,-787.87,4730.69,5048.36,4052.77,6090.93,-317.67
2025-07-01,119601.35,117542.15,112341.49,122667.99,2059.19,98846.44,97272.56,92820.59,101658.24,1573.88,13504.33,13462.96,12432.2,14522.45,41.37
2025-08-01,141335.0,137002.32,131703.16,142429.66,4332.68,111588.39,108369.53,103830.89,113020.3,3218.86,21703.97,21037.3,20011.82,22071.8,666.67
2025-09-01,135072.7,135628.12,129996.93,141567.53,-555.42,106316.65,107495.59,102673.25,112580.44,-1178.94,20947.59,20678.95,19629.72,21756.17,268.64
2025-10-01,137694.01,134016.04,128168.76,139883.94,3677.97,106936.63,104257.88,99241.88,109282.15,2678.75,22025.52,21176.01,20148.48,22261.79,849.51
2025-11-01,124497.51,124684.22,118791.47,131095.83,-186.71,96125.31,96981.14,91932.84,102462.28,-855.84,20989.36,20418.41,19358.34,21450.6,570.94
2025-12-01,70654.65,71387.91,65333.87,78107.84,-733.26,60139.96,61257.18,56064.99,67004.96,-1117.22,5770.21,5696.79,4686.69,6754.88,73.42
