date,electricity_emissions_kg,travel_emissions_kg,waste_emissions_kg,procurement_emissions_kg,total_emissions_kg,total_emissions_mt
2023-01-01,86560.35,19155.89,6418.7,911.63,113046.57,113.05
2023-02-01,91569.95,20382.4,7764.02,964.49,120680.86,120.68
2023-03-01,101156.64,20035.49,6602.17,1496.51,129290.82,129.29
2023-04-01,105039.57,19324.47,6502.38,904.92,131771.34,131.77
2023-05-01,84217.72,10672.69,4604.54,668.68,100163.64,100.16
2023-06-01,66208.37,4533.96,3323.35,677.24,74742.92,74.74
2023-07-01,91723.25,13112.56,5731.09,1392.75,111959.66,111.96
2023-08-01,102908.35,20129.13,6732.82,1273.36,131043.66,131.04
2023-09-01,103124.87,19916.48,6895.54,929.79,130866.68,130.87
2023-10-01,100203.62,20714.36,7668.36,938.91,129525.25,129.53
2023-11-01,92976.45,20497.06,6642.77,944.7,121060.98,121.06
2023-12-01,57596.31,5320.01,4026.47,718.75,67661.54,67.66
2024-01-01,89131.63,20249.79,6328.72,956.84,116666.97,116.67
2024-02-01,95286.84,20206.45,7703.37,1004.48,124201.14,124.2
2024-03-01,103389.64,20272.08,6717.73,1551.37,131930.82,131.93
2024-04-01,111092.77,20284.5,6544.46,1023.65,138945.38,138.95
2024-05-01,88994.62,11122.46,4340.27,678.14,105135.49,105.14
2024-06-01,69434.24,4730.48,3261.79,688.66,78115.16,78.12
2024-07-01,96658.06,12981.11,5748.4,1391.59,116779.16,116.78
2024-08-01,107746.01,21113.1,6523.92,1182.12,136565.15,136.57
2024-09-01,105851.97,20609.09,6578.38,971.98,134011.43,134.01
2024-10-01,102308.44,20805.4,7998.41,968.28,132080.53,132.08
2024-11-01,94911.94,19507.51,6559.94,965.81,121945.21,121.95
2024-12-01,58794.75,5241.31,4000.12,736.14,68772.32,68.77
2025-01-01,88755.91,19735.16,6386.87,1008.43,115886.37,115.89
2025-02-01,96259.39,21259.24,7960.96,1026.45,126506.04,126.51
2025-03-01,105527.14,21007.03,6800.81,1619.0,134953.99,134.95
2025-04-01,109799.17,20102.17,6571.25,1018.81,137491.41,137.49
2025-05-01,90090.45,11397.84,4567.73,718.99,106775.01,106.78
2025-06-01,70081.99,4730.69,3265.09,680.02,78757.79,78.76
2025-07-01,98846.44,13504.33,5728.73,1521.85,119601.35,119.6
2025-08-01,111588.39,21703.97,6740.64,1302.0,141335.0,141.33
2025-09-01,106316.65,20947.59,6802.05,1006.42,135072.7,135.07
2025-10-01,106936.63,22025.52,7706.43,1025.42,137694.01,137.69
2025-11-01,96125.31,20989.36,6348.1,1034.75,124497.51,124.5
2025-12-01,60139.96,5770.21,3936.49,807.99,70654.65,70.65
