date,point_forecast,mean,std,ci_lower_95,ci_upper_95,relative_uncertainty_pct
2025-01-01,118076.1,119534.06,6720.58,106248.92,132756.31,22.45
2025-02-01,125623.07,126993.49,7012.21,113071.82,140515.4,21.85
2025-03-01,133799.57,135039.73,7408.94,120540.73,149527.55,21.66
2025-04-01,138559.88,140094.82,7711.69,125242.24,155244.86,21.65
2025-05-01,105885.17,107186.7,5635.9,96196.08,117976.5,20.57
2025-06-01,79663.97,80899.01,4317.41,72700.03,89127.52,20.62
2025-07-01,117630.86,118748.43,6187.09,106545.31,130594.69,20.44
2025-08-01,137095.61,138193.86,7642.01,123159.86,153211.39,21.92
2025-09-01,135724.06,136945.89,7603.0,122159.67,151120.61,21.34
2025-10-01,134078.18,135350.54,7678.03,120587.62,149701.91,21.71
2025-11-01,124736.59,125963.14,7256.32,112013.29,139852.78,22.32
2025-12-01,71425.12,72736.4,4234.87,64383.88,80416.66,22.45
